naxomi,"12:12:12 12/30/42","azerazerazeraze
"
naxomi,"12:12:12 12/30/42",azefaz
naxomi,"12:12:12 12/30/42","
azer"
naxomi,"12:12:12 12/30/42","
azer"
naxomi,"12:12:12 12/30/42","
azer"
naxomi,"12:12:12 12/30/42","
azer"
naxomi,"12:12:12 12/30/42","
"
naxomi,"12:12:12 12/30/42",Azer
naxomi,"12:12:12 12/30/42","
"
naxomi,"12:12:12 12/30/42",A
naxomi,"12:12:12 12/30/42",Zer
naxomi,"12:12:12 12/30/42","
AZer"
naxomi,"12:12:12 12/30/42","
azerAzer"
naxomi,"12:12:12 12/30/42","
"
naxomi,"12:12:12 12/30/42",A
naxomi,"12:12:12 12/30/42",Zer
naxomi,"12:12:12 12/30/42","
azer"
naxomi,"12:12:12 12/30/42","
azer"
naxomi,"12:12:12 12/30/42","
azer"
